"decade","word","gender","count"
1820,"bloke","male",0
1820,"blokes","male",0
1820,"boy","male",1080
1820,"boys","male",367
1820,"bride","female",146
1820,"brides","female",10
1820,"dame","female",126
1820,"dames","female",20
1820,"fella","male",1
1820,"fellas","male",0
1820,"female","female",491
1820,"females","female",149
1820,"feminine","female",35
1820,"femininity","female",0
1820,"gal","female",6
1820,"gals","female",4
1820,"gent","male",4
1820,"gentleman","male",767
1820,"gentlemen","male",506
1820,"gentlewoman","female",4
1820,"gentlewomen","female",1
1820,"gents","male",3
1820,"girl","female",1199
1820,"girls","female",254
1820,"guy","male",8
1820,"guys","male",1
1820,"he","male",58705
1820,"her","female",35416
1820,"hers","female",219
1820,"herself","female",1364
1820,"him","male",22783
1820,"himself","male",4837
1820,"his","male",63944
1820,"king","male",1348
1820,"kings","male",220
1820,"lad","male",139
1820,"ladies","female",582
1820,"lads","male",51
1820,"lady","female",1919
1820,"lass","female",16
1820,"lassie","female",5
1820,"madam","female",623
1820,"maiden","female",235
1820,"maidens","female",47
1820,"male","male",58
1820,"males","male",19
1820,"man","male",9531
1820,"manly","male",192
1820,"masculine","male",25
1820,"masculinity","male",0
1820,"men","male",6098
1820,"miss","female",1856
1820,"missus","female",3
1820,"mister","male",8
1820,"mr","male",7518
1820,"mrs","female",2835
1820,"ms","female",23
1820,"prince","male",261
1820,"princes","male",102
1820,"princess","female",65
1820,"princesses","female",2
1820,"queen","female",417
1820,"queens","female",12
1820,"she","female",20893
1820,"sir","male",3285
1820,"sirs","male",71
1820,"woman","female",2287
1820,"women","female",1007
1830,"bloke","male",0
1830,"blokes","male",0
1830,"boy","male",2580
1830,"boys","male",1208
1830,"bride","female",481
1830,"brides","female",17
1830,"dame","female",390
1830,"dames","female",46
1830,"fella","male",0
1830,"fellas","male",0
1830,"female","female",965
1830,"females","female",403
1830,"feminine","female",117
1830,"femininity","female",1
1830,"gal","female",116
1830,"gals","female",44
1830,"gent","male",25
1830,"gentleman","male",2754
1830,"gentlemen","male",1755
1830,"gentlewoman","female",22
1830,"gentlewomen","female",2
1830,"gents","male",1
1830,"girl","female",2064
1830,"girls","female",577
1830,"guy","male",242
1830,"guys","male",2
1830,"he","male",113344
1830,"her","female",52766
1830,"hers","female",321
1830,"herself","female",2239
1830,"him","male",42926
1830,"himself","male",10690
1830,"his","male",123506
1830,"king","male",3218
1830,"kings","male",398
1830,"lad","male",318
1830,"ladies","female",1448
1830,"lads","male",107
1830,"lady","female",4540
1830,"lass","female",25
1830,"lassie","female",11
1830,"madam","female",536
1830,"maiden","female",972
1830,"maidens","female",143
1830,"male","male",228
1830,"males","male",79
1830,"man","male",18580
1830,"manly","male",410
1830,"masculine","male",76
1830,"masculinity","male",0
1830,"men","male",11428
1830,"miss","female",3491
1830,"missus","female",29
1830,"mister","male",150
1830,"mr","male",15913
1830,"mrs","female",4132
1830,"ms","female",21
1830,"prince","male",934
1830,"princes","male",223
1830,"princess","female",287
1830,"princesses","female",16
1830,"queen","female",872
1830,"queens","female",14
1830,"she","female",32011
1830,"sir","male",7116
1830,"sirs","male",90
1830,"woman","female",3607
1830,"women","female",1631
1840,"bloke","male",1
1840,"blokes","male",0
1840,"boy","male",2922
1840,"boys","male",1203
1840,"bride","female",618
1840,"brides","female",11
1840,"dame","female",246
1840,"dames","female",70
1840,"fella","male",2
1840,"fellas","male",3
1840,"female","female",858
1840,"females","female",268
1840,"feminine","female",139
1840,"femininity","female",0
1840,"gal","female",182
1840,"gals","female",44
1840,"gent","male",12
1840,"gentleman","male",2765
1840,"gentlemen","male",1667
1840,"gentlewoman","female",10
1840,"gentlewomen","female",2
1840,"gents","male",8
1840,"girl","female",3042
1840,"girls","female",643
1840,"guy","male",67
1840,"guys","male",1
1840,"he","male",141290
1840,"her","female",63505
1840,"hers","female",383
1840,"herself","female",2724
1840,"him","male",51292
1840,"himself","male",12808
1840,"his","male",153664
1840,"king","male",4870
1840,"kings","male",569
1840,"lad","male",439
1840,"ladies","female",1344
1840,"lads","male",140
1840,"lady","female",3619
1840,"lass","female",39
1840,"lassie","female",10
1840,"madam","female",464
1840,"maiden","female",1182
1840,"maidens","female",189
1840,"male","male",241
1840,"males","male",50
1840,"man","male",26118
1840,"manly","male",531
1840,"masculine","male",72
1840,"masculinity","male",1
1840,"men","male",14762
1840,"miss","female",3541
1840,"missus","female",35
1840,"mister","male",150
1840,"mr","male",16513
1840,"mrs","female",5380
1840,"ms","female",62
1840,"prince","male",1004
1840,"princes","male",314
1840,"princess","female",384
1840,"princesses","female",25
1840,"queen","female",1312
1840,"queens","female",55
1840,"she","female",39154
1840,"sir","male",6998
1840,"sirs","male",45
1840,"woman","female",4616
1840,"women","female",1850
1850,"bloke","male",0
1850,"blokes","male",0
1850,"boy","male",4403
1850,"boys","male",1845
1850,"bride","female",578
1850,"brides","female",17
1850,"dame","female",264
1850,"dames","female",51
1850,"fella","male",0
1850,"fellas","male",0
1850,"female","female",760
1850,"females","female",227
1850,"feminine","female",147
1850,"femininity","female",1
1850,"gal","female",172
1850,"gals","female",41
1850,"gent","male",8
1850,"gentleman","male",2929
1850,"gentlemen","male",1867
1850,"gentlewoman","female",21
1850,"gentlewomen","female",3
1850,"gents","male",5
1850,"girl","female",3572
1850,"girls","female",1026
1850,"guy","male",162
1850,"guys","male",2
1850,"he","male",150413
1850,"her","female",87175
1850,"hers","female",568
1850,"herself","female",4230
1850,"him","male",54059
1850,"himself","male",13420
1850,"his","male",151420
1850,"king","male",3947
1850,"kings","male",592
1850,"lad","male",437
1850,"ladies","female",1717
1850,"lads","male",116
1850,"lady","female",4987
1850,"lass","female",14
1850,"lassie","female",9
1850,"madam","female",804
1850,"maiden","female",665
1850,"maidens","female",139
1850,"male","male",246
1850,"males","male",54
1850,"man","male",24454
1850,"manly","male",549
1850,"masculine","male",109
1850,"masculinity","male",0
1850,"men","male",14850
1850,"miss","female",5116
1850,"missus","female",38
1850,"mister","male",45
1850,"mr","male",22364
1850,"mrs","female",8686
1850,"ms","female",34
1850,"prince","male",912
1850,"princes","male",276
1850,"princess","female",247
1850,"princesses","female",16
1850,"queen","female",1620
1850,"queens","female",221
1850,"she","female",58699
1850,"sir","male",7065
1850,"sirs","male",17
1850,"woman","female",5508
1850,"women","female",2137
1860,"bloke","male",0
1860,"blokes","male",0
1860,"boy","male",4289
1860,"boys","male",2935
1860,"bride","female",534
1860,"brides","female",20
1860,"dame","female",340
1860,"dames","female",42
1860,"fella","male",1
1860,"fellas","male",0
1860,"female","female",732
1860,"females","female",148
1860,"feminine","female",276
1860,"femininity","female",3
1860,"gal","female",573
1860,"gals","female",47
1860,"gent","male",46
1860,"gentleman","male",2743
1860,"gentlemen","male",1771
1860,"gentlewoman","female",10
1860,"gentlewomen","female",4
1860,"gents","male",12
1860,"girl","female",3965
1860,"girls","female",1542
1860,"guy","male",729
1860,"guys","male",7
1860,"he","male",147194
1860,"her","female",91590
1860,"hers","female",764
1860,"herself","female",4859
1860,"him","male",55825
1860,"himself","male",12051
1860,"his","male",139038
1860,"king","male",3719
1860,"kings","male",622
1860,"lad","male",560
1860,"ladies","female",1667
1860,"lads","male",207
1860,"lady","female",5613
1860,"lass","female",58
1860,"lassie","female",25
1860,"madam","female",613
1860,"maiden","female",503
1860,"maidens","female",174
1860,"male","male",329
1860,"males","male",77
1860,"man","male",24809
1860,"manly","male",537
1860,"masculine","male",176
1860,"masculinity","male",0
1860,"men","male",17339
1860,"miss","female",6924
1860,"missus","female",95
1860,"mister","male",39
1860,"mr","male",21229
1860,"mrs","female",10116
1860,"ms","female",168
1860,"prince","male",1646
1860,"princes","male",304
1860,"princess","female",248
1860,"princesses","female",15
1860,"queen","female",1127
1860,"queens","female",51
1860,"she","female",66610
1860,"sir","male",8131
1860,"sirs","male",20
1860,"woman","female",6841
1860,"women","female",3515
1870,"bloke","male",8
1870,"blokes","male",0
1870,"boy","male",5403
1870,"boys","male",3050
1870,"bride","female",692
1870,"brides","female",45
1870,"dame","female",145
1870,"dames","female",39
1870,"fella","male",1
1870,"fellas","male",0
1870,"female","female",623
1870,"females","female",79
1870,"feminine","female",339
1870,"femininity","female",8
1870,"gal","female",200
1870,"gals","female",45
1870,"gent","male",21
1870,"gentleman","male",3026
1870,"gentlemen","male",1862
1870,"gentlewoman","female",24
1870,"gentlewomen","female",8
1870,"gents","male",18
1870,"girl","female",6189
1870,"girls","female",2510
1870,"guy","male",530
1870,"guys","male",5
1870,"he","male",173898
1870,"her","female",119132
1870,"hers","female",1114
1870,"herself","female",6648
1870,"him","male",64550
1870,"himself","male",13832
1870,"his","male",147790
1870,"king","male",4018
1870,"kings","male",535
1870,"lad","male",485
1870,"ladies","female",2322
1870,"lads","male",160
1870,"lady","female",7296
1870,"lass","female",125
1870,"lassie","female",18
1870,"madam","female",957
1870,"maiden","female",626
1870,"maidens","female",148
1870,"male","male",341
1870,"males","male",52
1870,"man","male",28249
1870,"manly","male",491
1870,"masculine","male",219
1870,"masculinity","male",3
1870,"men","male",17928
1870,"miss","female",10269
1870,"missus","female",55
1870,"mister","male",62
1870,"mr","male",28809
1870,"mrs","female",15378
1870,"ms","female",36
1870,"prince","male",1579
1870,"princes","male",213
1870,"princess","female",501
1870,"princesses","female",38
1870,"queen","female",1315
1870,"queens","female",79
1870,"she","female",92771
1870,"sir","male",6668
1870,"sirs","male",34
1870,"woman","female",9114
1870,"women","female",4603
1880,"bloke","male",3
1880,"blokes","male",0
1880,"boy","male",6922
1880,"boys","male",3793
1880,"bride","female",632
1880,"brides","female",42
1880,"dame","female",261
1880,"dames","female",37
1880,"fella","male",3
1880,"fellas","male",0
1880,"female","female",729
1880,"females","female",97
1880,"feminine","female",293
1880,"femininity","female",14
1880,"gal","female",395
1880,"gals","female",97
1880,"gent","male",23
1880,"gentleman","male",2789
1880,"gentlemen","male",1753
1880,"gentlewoman","female",28
1880,"gentlewomen","female",8
1880,"gents","male",22
1880,"girl","female",7085
1880,"girls","female",2695
1880,"guy","male",584
1880,"guys","male",2
1880,"he","male",202037
1880,"her","female",111054
1880,"hers","female",913
1880,"herself","female",5860
1880,"him","male",70020
1880,"himself","male",14566
1880,"his","male",159811
1880,"king","male",3708
1880,"kings","male",381
1880,"lad","male",774
1880,"ladies","female",2153
1880,"lads","male",201
1880,"lady","female",5492
1880,"lass","female",207
1880,"lassie","female",34
1880,"madam","female",554
1880,"maiden","female",705
1880,"maidens","female",222
1880,"male","male",367
1880,"males","male",56
1880,"man","male",32661
1880,"manly","male",515
1880,"masculine","male",145
1880,"masculinity","male",3
1880,"men","male",20348
1880,"miss","female",9642
1880,"missus","female",40
1880,"mister","male",125
1880,"mr","male",29616
1880,"mrs","female",16578
1880,"ms","female",105
1880,"prince","male",1850
1880,"princes","male",220
1880,"princess","female",589
1880,"princesses","female",44
1880,"queen","female",1241
1880,"queens","female",61
1880,"she","female",92436
1880,"sir","male",6526
1880,"sirs","male",58
1880,"woman","female",8237
1880,"women","female",4574
1890,"bloke","male",7
1890,"blokes","male",0
1890,"boy","male",5916
1890,"boys","male",3955
1890,"bride","female",658
1890,"brides","female",20
1890,"dame","female",261
1890,"dames","female",53
1890,"fella","male",5
1890,"fellas","male",0
1890,"female","female",628
1890,"females","female",117
1890,"feminine","female",320
1890,"femininity","female",25
1890,"gal","female",293
1890,"gals","female",92
1890,"gent","male",231
1890,"gentleman","male",2740
1890,"gentlemen","male",1539
1890,"gentlewoman","female",37
1890,"gentlewomen","female",16
1890,"gents","male",91
1890,"girl","female",6821
1890,"girls","female",2813
1890,"guy","male",192
1890,"guys","male",5
1890,"he","male",212460
1890,"her","female",106819
1890,"hers","female",826
1890,"herself","female",5295
1890,"him","male",73813
1890,"himself","male",14658
1890,"his","male",166378
1890,"king","male",5143
1890,"kings","male",522
1890,"lad","male",777
1890,"ladies","female",1724
1890,"lads","male",227
1890,"lady","female",5224
1890,"lass","female",89
1890,"lassie","female",45
1890,"madam","female",568
1890,"maiden","female",606
1890,"maidens","female",229
1890,"male","male",433
1890,"males","male",68
1890,"man","male",32649
1890,"manly","male",401
1890,"masculine","male",179
1890,"masculinity","male",8
1890,"men","male",24583
1890,"miss","female",8961
1890,"missus","female",53
1890,"mister","male",126
1890,"mr","male",26638
1890,"mrs","female",15595
1890,"ms","female",96
1890,"prince","male",2471
1890,"princes","male",231
1890,"princess","female",1257
1890,"princesses","female",63
1890,"queen","female",1455
1890,"queens","female",76
1890,"she","female",88526
1890,"sir","male",7101
1890,"sirs","male",31
1890,"woman","female",10782
1890,"women","female",7088
1900,"bloke","male",2
1900,"blokes","male",3
1900,"boy","male",7621
1900,"boys","male",4236
1900,"bride","female",499
1900,"brides","female",32
1900,"dame","female",314
1900,"dames","female",47
1900,"fella","male",9
1900,"fellas","male",2
1900,"female","female",461
1900,"females","female",101
1900,"feminine","female",344
1900,"femininity","female",15
1900,"gal","female",178
1900,"gals","female",48
1900,"gent","male",69
1900,"gentleman","male",2292
1900,"gentlemen","male",1292
1900,"gentlewoman","female",49
1900,"gentlewomen","female",5
1900,"gents","male",64
1900,"girl","female",10439
1900,"girls","female",2927
1900,"guy","male",101
1900,"guys","male",12
1900,"he","male",234061
1900,"her","female",120481
1900,"hers","female",931
1900,"herself","female",6085
1900,"him","male",78407
1900,"himself","male",15541
1900,"his","male",175673
1900,"king","male",5164
1900,"kings","male",581
1900,"lad","male",1148
1900,"ladies","female",1433
1900,"lads","male",224
1900,"lady","female",5399
1900,"lass","female",80
1900,"lassie","female",31
1900,"madam","female",941
1900,"maiden","female",413
1900,"maidens","female",175
1900,"male","male",468
1900,"males","male",117
1900,"man","male",39077
1900,"manly","male",255
1900,"masculine","male",171
1900,"masculinity","male",6
1900,"men","male",23598
1900,"miss","female",10039
1900,"missus","female",46
1900,"mister","male",284
1900,"mr","male",27215
1900,"mrs","female",16668
1900,"ms","female",183
1900,"prince","male",2346
1900,"princes","male",243
1900,"princess","female",1551
1900,"princesses","female",40
1900,"queen","female",1362
1900,"queens","female",120
1900,"she","female",110123
1900,"sir","male",6291
1900,"sirs","male",48
1900,"woman","female",11408
1900,"women","female",6483
1910,"bloke","male",8
1910,"blokes","male",6
1910,"boy","male",8655
1910,"boys","male",5959
1910,"bride","female",408
1910,"brides","female",33
1910,"dame","female",160
1910,"dames","female",42
1910,"fella","male",5
1910,"fellas","male",1
1910,"female","female",608
1910,"females","female",122
1910,"feminine","female",453
1910,"femininity","female",27
1910,"gal","female",139
1910,"gals","female",42
1910,"gent","male",111
1910,"gentleman","male",1847
1910,"gentlemen","male",963
1910,"gentlewoman","female",20
1910,"gentlewomen","female",16
1910,"gents","male",57
1910,"girl","female",10020
1910,"girls","female",4722
1910,"guy","male",332
1910,"guys","male",64
1910,"he","male",252647
1910,"her","female",115653
1910,"hers","female",989
1910,"herself","female",5730
1910,"him","male",80187
1910,"himself","male",15698
1910,"his","male",174430
1910,"king","male",4420
1910,"kings","male",438
1910,"lad","male",1216
1910,"ladies","female",1236
1910,"lads","male",346
1910,"lady","female",4313
1910,"lass","female",150
1910,"lassie","female",80
1910,"madam","female",391
1910,"maiden","female",256
1910,"maidens","female",83
1910,"male","male",700
1910,"males","male",140
1910,"man","male",39209
1910,"manly","male",225
1910,"masculine","male",322
1910,"masculinity","male",29
1910,"men","male",24680
1910,"miss","female",9046
1910,"missus","female",62
1910,"mister","male",175
1910,"mr","male",28773
1910,"mrs","female",15765
1910,"ms","female",498
1910,"prince","male",1766
1910,"princes","male",229
1910,"princess","female",765
1910,"princesses","female",53
1910,"queen","female",1020
1910,"queens","female",125
1910,"she","female",109224
1910,"sir","male",5269
1910,"sirs","male",11
1910,"woman","female",10226
1910,"women","female",7607
1920,"bloke","male",9
1920,"blokes","male",7
1920,"boy","male",8885
1920,"boys","male",4710
1920,"bride","female",621
1920,"brides","female",39
1920,"dame","female",310
1920,"dames","female",46
1920,"fella","male",74
1920,"fellas","male",25
1920,"female","female",552
1920,"females","female",102
1920,"feminine","female",484
1920,"femininity","female",42
1920,"gal","female",228
1920,"gals","female",55
1920,"gent","male",88
1920,"gentleman","male",1933
1920,"gentlemen","male",1187
1920,"gentlewoman","female",17
1920,"gentlewomen","female",20
1920,"gents","male",76
1920,"girl","female",11117
1920,"girls","female",4844
1920,"guy","male",812
1920,"guys","male",127
1920,"he","male",275761
1920,"her","female",129281
1920,"hers","female",979
1920,"herself","female",6025
1920,"him","male",87154
1920,"himself","male",15560
1920,"his","male",190314
1920,"king","male",4863
1920,"kings","male",580
1920,"lad","male",832
1920,"ladies","female",1509
1920,"lads","male",265
1920,"lady","female",4877
1920,"lass","female",65
1920,"lassie","female",45
1920,"madam","female",584
1920,"maiden","female",368
1920,"maidens","female",77
1920,"male","male",669
1920,"males","male",123
1920,"man","male",40571
1920,"manly","male",171
1920,"masculine","male",227
1920,"masculinity","male",15
1920,"men","male",25437
1920,"miss","female",8660
1920,"missus","female",35
1920,"mister","male",407
1920,"mr","male",33891
1920,"mrs","female",15476
1920,"ms","female",223
1920,"prince","male",2266
1920,"princes","male",186
1920,"princess","female",942
1920,"princesses","female",38
1920,"queen","female",1921
1920,"queens","female",321
1920,"she","female",123286
1920,"sir","male",5499
1920,"sirs","male",270
1920,"woman","female",11344
1920,"women","female",10184
1930,"bloke","male",22
1930,"blokes","male",5
1930,"boy","male",9069
1930,"boys","male",5731
1930,"bride","female",582
1930,"brides","female",80
1930,"dame","female",611
1930,"dames","female",126
1930,"fella","male",398
1930,"fellas","male",269
1930,"female","female",635
1930,"females","female",151
1930,"feminine","female",312
1930,"femininity","female",19
1930,"gal","female",378
1930,"gals","female",65
1930,"gent","male",61
1930,"gentleman","male",1762
1930,"gentlemen","male",2245
1930,"gentlewoman","female",16
1930,"gentlewomen","female",4
1930,"gents","male",60
1930,"girl","female",10936
1930,"girls","female",4301
1930,"guy","male",2508
1930,"guys","male",818
1930,"he","male",292859
1930,"her","female",127425
1930,"hers","female",964
1930,"herself","female",5821
1930,"him","male",90762
1930,"himself","male",14410
1930,"his","male",182029
1930,"king","male",4502
1930,"kings","male",507
1930,"lad","male",717
1930,"ladies","female",1767
1930,"lads","male",160
1930,"lady","female",5632
1930,"lass","female",81
1930,"lassie","female",55
1930,"madam","female",732
1930,"maiden","female",136
1930,"maidens","female",39
1930,"male","male",687
1930,"males","male",155
1930,"man","male",40669
1930,"manly","male",94
1930,"masculine","male",185
1930,"masculinity","male",15
1930,"men","male",25622
1930,"miss","female",11545
1930,"missus","female",82
1930,"mister","male",682
1930,"mr","male",41860
1930,"mrs","female",15486
1930,"ms","female",645
1930,"prince","male",1796
1930,"princes","male",205
1930,"princess","female",795
1930,"princesses","female",55
1930,"queen","female",1880
1930,"queens","female",329
1930,"she","female",131617
1930,"sir","male",11374
1930,"sirs","male",288
1930,"woman","female",11664
1930,"women","female",8917
1940,"bloke","male",22
1940,"blokes","male",8
1940,"boy","male",9514
1940,"boys","male",5548
1940,"bride","female",553
1940,"brides","female",78
1940,"dame","female",469
1940,"dames","female",102
1940,"fella","male",415
1940,"fellas","male",285
1940,"female","female",631
1940,"females","female",161
1940,"feminine","female",309
1940,"femininity","female",24
1940,"gal","female",234
1940,"gals","female",55
1940,"gent","male",72
1940,"gentleman","male",1290
1940,"gentlemen","male",1678
1940,"gentlewoman","female",11
1940,"gentlewomen","female",1
1940,"gents","male",50
1940,"girl","female",9589
1940,"girls","female",3420
1940,"guy","male",2614
1940,"guys","male",881
1940,"he","male",298736
1940,"her","female",116974
1940,"hers","female",790
1940,"herself","female",5263
1940,"him","male",87154
1940,"himself","male",14235
1940,"his","male",176818
1940,"king","male",3495
1940,"kings","male",363
1940,"lad","male",553
1940,"ladies","female",1538
1940,"lads","male",182
1940,"lady","female",4101
1940,"lass","female",75
1940,"lassie","female",86
1940,"madam","female",648
1940,"maiden","female",164
1940,"maidens","female",56
1940,"male","male",689
1940,"males","male",160
1940,"man","male",38618
1940,"manly","male",81
1940,"masculine","male",173
1940,"masculinity","male",22
1940,"men","male",25420
1940,"miss","female",8991
1940,"missus","female",55
1940,"mister","male",920
1940,"mr","male",35138
1940,"mrs","female",14247
1940,"ms","female",434
1940,"prince","male",1068
1940,"princes","male",181
1940,"princess","female",545
1940,"princesses","female",29
1940,"queen","female",1555
1940,"queens","female",373
1940,"she","female",125858
1940,"sir","male",9372
1940,"sirs","male",290
1940,"woman","female",9811
1940,"women","female",7958
1950,"bloke","male",24
1950,"blokes","male",9
1950,"boy","male",11354
1950,"boys","male",5460
1950,"bride","female",587
1950,"brides","female",62
1950,"dame","female",508
1950,"dames","female",109
1950,"fella","male",417
1950,"fellas","male",494
1950,"female","female",859
1950,"females","female",174
1950,"feminine","female",295
1950,"femininity","female",33
1950,"gal","female",374
1950,"gals","female",79
1950,"gent","male",47
1950,"gentleman","male",1031
1950,"gentlemen","male",1850
1950,"gentlewoman","female",5
1950,"gentlewomen","female",6
1950,"gents","male",33
1950,"girl","female",10880
1950,"girls","female",4722
1950,"guy","male",2945
1950,"guys","male",1165
1950,"he","male",314731
1950,"her","female",110763
1950,"hers","female",771
1950,"herself","female",4971
1950,"him","male",90091
1950,"himself","male",15376
1950,"his","male",180797
1950,"king","male",4928
1950,"kings","male",534
1950,"lad","male",393
1950,"ladies","female",1731
1950,"lads","male",105
1950,"lady","female",4051
1950,"lass","female",78
1950,"lassie","female",20
1950,"madam","female",951
1950,"maiden","female",205
1950,"maidens","female",54
1950,"male","male",939
1950,"males","male",202
1950,"man","male",41997
1950,"manly","male",101
1950,"masculine","male",133
1950,"masculinity","male",22
1950,"men","male",22886
1950,"miss","female",9597
1950,"missus","female",100
1950,"mister","male",1149
1950,"mr","male",43058
1950,"mrs","female",14332
1950,"ms","female",1204
1950,"prince","male",1204
1950,"princes","male",162
1950,"princess","female",604
1950,"princesses","female",31
1950,"queen","female",1845
1950,"queens","female",434
1950,"she","female",122679
1950,"sir","male",13789
1950,"sirs","male",83
1950,"woman","female",10514
1950,"women","female",7384
1960,"bloke","male",34
1960,"blokes","male",22
1960,"boy","male",12298
1960,"boys","male",4680
1960,"bride","female",379
1960,"brides","female",28
1960,"dame","female",427
1960,"dames","female",79
1960,"fella","male",474
1960,"fellas","male",326
1960,"female","female",999
1960,"females","female",217
1960,"feminine","female",274
1960,"femininity","female",41
1960,"gal","female",155
1960,"gals","female",45
1960,"gent","male",46
1960,"gentleman","male",779
1960,"gentlemen","male",1707
1960,"gentlewoman","female",11
1960,"gentlewomen","female",1
1960,"gents","male",40
1960,"girl","female",10102
1960,"girls","female",4136
1960,"guy","male",2763
1960,"guys","male",1452
1960,"he","male",320442
1960,"her","female",101062
1960,"hers","female",794
1960,"herself","female",4285
1960,"him","male",92792
1960,"himself","male",15116
1960,"his","male",181761
1960,"king","male",4491
1960,"kings","male",430
1960,"lad","male",432
1960,"ladies","female",1587
1960,"lads","male",114
1960,"lady","female",3979
1960,"lass","female",48
1960,"lassie","female",24
1960,"madam","female",526
1960,"maiden","female",278
1960,"maidens","female",76
1960,"male","male",1001
1960,"males","male",202
1960,"man","male",43281
1960,"manly","male",89
1960,"masculine","male",187
1960,"masculinity","male",35
1960,"men","male",19900
1960,"miss","female",8724
1960,"missus","female",54
1960,"mister","male",912
1960,"mr","male",40095
1960,"mrs","female",13851
1960,"ms","female",147
1960,"prince","male",1232
1960,"princes","male",122
1960,"princess","female",646
1960,"princesses","female",17
1960,"queen","female",1853
1960,"queens","female",434
1960,"she","female",113634
1960,"sir","male",13251
1960,"sirs","male",74
1960,"woman","female",9591
1960,"women","female",6565
1970,"bloke","male",45
1970,"blokes","male",19
1970,"boy","male",9622
1970,"boys","male",4124
1970,"bride","female",431
1970,"brides","female",27
1970,"dame","female",249
1970,"dames","female",21
1970,"fella","male",419
1970,"fellas","male",358
1970,"female","female",1256
1970,"females","female",239
1970,"feminine","female",214
1970,"femininity","female",58
1970,"gal","female",175
1970,"gals","female",59
1970,"gent","male",48
1970,"gentleman","male",821
1970,"gentlemen","male",1801
1970,"gentlewoman","female",15
1970,"gentlewomen","female",2
1970,"gents","male",45
1970,"girl","female",9334
1970,"girls","female",3675
1970,"guy","male",4288
1970,"guys","male",2996
1970,"he","male",302805
1970,"her","female",108936
1970,"hers","female",841
1970,"herself","female",4452
1970,"him","male",87647
1970,"himself","male",13497
1970,"his","male",174231
1970,"king","male",4214
1970,"kings","male",465
1970,"lad","male",416
1970,"ladies","female",1729
1970,"lads","male",154
1970,"lady","female",4417
1970,"lass","female",63
1970,"lassie","female",25
1970,"madam","female",402
1970,"maiden","female",163
1970,"maidens","female",67
1970,"male","male",1369
1970,"males","male",251
1970,"man","male",42131
1970,"manly","male",89
1970,"masculine","male",134
1970,"masculinity","male",42
1970,"men","male",17647
1970,"miss","female",7042
1970,"missus","female",89
1970,"mister","male",713
1970,"mr","male",32166
1970,"mrs","female",9591
1970,"ms","female",335
1970,"prince","male",1384
1970,"princes","male",126
1970,"princess","female",585
1970,"princesses","female",34
1970,"queen","female",1690
1970,"queens","female",432
1970,"she","female",119073
1970,"sir","male",12514
1970,"sirs","male",166
1970,"woman","female",11765
1970,"women","female",8267
1980,"bloke","male",15
1980,"blokes","male",11
1980,"boy","male",8299
1980,"boys","male",3624
1980,"bride","female",516
1980,"brides","female",65
1980,"dame","female",229
1980,"dames","female",19
1980,"fella","male",258
1980,"fellas","male",295
1980,"female","female",1578
1980,"females","female",324
1980,"feminine","female",182
1980,"femininity","female",17
1980,"gal","female",187
1980,"gals","female",42
1980,"gent","male",29
1980,"gentleman","male",605
1980,"gentlemen","male",1459
1980,"gentlewoman","female",6
1980,"gentlewomen","female",2
1980,"gents","male",29
1980,"girl","female",7669
1980,"girls","female",3541
1980,"guy","male",6456
1980,"guys","male",5831
1980,"he","male",295946
1980,"her","female",119775
1980,"hers","female",827
1980,"herself","female",5366
1980,"him","male",84743
1980,"himself","male",13129
1980,"his","male",176490
1980,"king","male",5159
1980,"kings","male",477
1980,"lad","male",366
1980,"ladies","female",1533
1980,"lads","male",115
1980,"lady","female",3891
1980,"lass","female",60
1980,"lassie","female",35
1980,"madam","female",258
1980,"maiden","female",175
1980,"maidens","female",37
1980,"male","male",1702
1980,"males","male",391
1980,"man","male",38020
1980,"manly","male",103
1980,"masculine","male",125
1980,"masculinity","male",26
1980,"men","male",15977
1980,"miss","female",5656
1980,"missus","female",54
1980,"mister","male",502
1980,"mr","male",27156
1980,"mrs","female",6808
1980,"ms","female",1020
1980,"prince","male",1694
1980,"princes","male",163
1980,"princess","female",796
1980,"princesses","female",38
1980,"queen","female",1788
1980,"queens","female",437
1980,"she","female",135686
1980,"sir","male",8069
1980,"sirs","male",34
1980,"woman","female",12460
1980,"women","female",10647
1990,"bloke","male",18
1990,"blokes","male",9
1990,"boy","male",10055
1990,"boys","male",4582
1990,"bride","female",439
1990,"brides","female",53
1990,"dame","female",237
1990,"dames","female",15
1990,"fella","male",197
1990,"fellas","male",156
1990,"female","female",2171
1990,"females","female",464
1990,"feminine","female",337
1990,"femininity","female",96
1990,"gal","female",168
1990,"gals","female",42
1990,"gent","male",19
1990,"gentleman","male",613
1990,"gentlemen","male",1081
1990,"gentlewoman","female",8
1990,"gentlewomen","female",1
1990,"gents","male",26
1990,"girl","female",9080
1990,"girls","female",4421
1990,"guy","male",7779
1990,"guys","male",5667
1990,"he","male",298004
1990,"her","female",167520
1990,"hers","female",1104
1990,"herself","female",6508
1990,"him","male",85405
1990,"himself","male",11507
1990,"his","male",179693
1990,"king","male",4050
1990,"kings","male",437
1990,"lad","male",211
1990,"ladies","female",1445
1990,"lads","male",83
1990,"lady","female",3655
1990,"lass","female",59
1990,"lassie","female",42
1990,"madam","female",220
1990,"maiden","female",196
1990,"maidens","female",66
1990,"male","male",2276
1990,"males","male",557
1990,"man","male",35110
1990,"manly","male",101
1990,"masculine","male",235
1990,"masculinity","male",96
1990,"men","male",14006
1990,"miss","female",5605
1990,"missus","female",64
1990,"mister","male",554
1990,"mr","male",17462
1990,"mrs","female",5974
1990,"ms","female",1920
1990,"prince","male",1618
1990,"princes","male",88
1990,"princess","female",925
1990,"princesses","female",58
1990,"queen","female",1922
1990,"queens","female",250
1990,"she","female",182076
1990,"sir","male",7164
1990,"sirs","male",36
1990,"woman","female",15025
1990,"women","female",13497
2000,"bloke","male",50
2000,"blokes","male",20
2000,"boy","male",9678
2000,"boys","male",5282
2000,"bride","female",729
2000,"brides","female",88
2000,"dame","female",308
2000,"dames","female",25
2000,"fella","male",156
2000,"fellas","male",196
2000,"female","female",2442
2000,"females","female",520
2000,"feminine","female",317
2000,"femininity","female",52
2000,"gal","female",206
2000,"gals","female",73
2000,"gent","male",25
2000,"gentleman","male",582
2000,"gentlemen","male",849
2000,"gentlewoman","female",5
2000,"gentlewomen","female",8
2000,"gents","male",28
2000,"girl","female",10804
2000,"girls","female",5630
2000,"guy","male",10310
2000,"guys","male",7522
2000,"he","male",311385
2000,"her","female",194983
2000,"hers","female",1229
2000,"herself","female",7469
2000,"him","male",87448
2000,"himself","male",11394
2000,"his","male",205477
2000,"king","male",4513
2000,"kings","male",439
2000,"lad","male",242
2000,"ladies","female",1647
2000,"lads","male",96
2000,"lady","female",3719
2000,"lass","female",90
2000,"lassie","female",42
2000,"madam","female",235
2000,"maiden","female",189
2000,"maidens","female",42
2000,"male","male",2191
2000,"males","male",566
2000,"man","male",36741
2000,"manly","male",125
2000,"masculine","male",250
2000,"masculinity","male",65
2000,"men","male",14970
2000,"miss","female",5251
2000,"missus","female",61
2000,"mister","male",410
2000,"mr","male",11962
2000,"mrs","female",5192
2000,"ms","female",2142
2000,"prince","male",1435
2000,"princes","male",115
2000,"princess","female",1029
2000,"princesses","female",84
2000,"queen","female",1626
2000,"queens","female",334
2000,"she","female",200360
2000,"sir","male",5959
2000,"sirs","male",28
2000,"woman","female",15148
2000,"women","female",13605
2010,"bloke","male",40
2010,"blokes","male",18
2010,"boy","male",8501
2010,"boys","male",3991
2010,"bride","female",488
2010,"brides","female",69
2010,"dame","female",231
2010,"dames","female",31
2010,"fella","male",163
2010,"fellas","male",145
2010,"female","female",2410
2010,"females","female",420
2010,"feminine","female",304
2010,"femininity","female",44
2010,"gal","female",189
2010,"gals","female",63
2010,"gent","male",33
2010,"gentleman","male",512
2010,"gentlemen","male",677
2010,"gentlewoman","female",6
2010,"gentlewomen","female",1
2010,"gents","male",28
2010,"girl","female",10482
2010,"girls","female",5089
2010,"guy","male",8821
2010,"guys","male",8164
2010,"he","male",299832
2010,"her","female",199012
2010,"hers","female",1242
2010,"herself","female",7523
2010,"him","male",83389
2010,"himself","male",10951
2010,"his","male",192947
2010,"king","male",3798
2010,"kings","male",297
2010,"lad","male",220
2010,"ladies","female",1409
2010,"lads","male",99
2010,"lady","female",3624
2010,"lass","female",89
2010,"lassie","female",24
2010,"madam","female",221
2010,"maiden","female",163
2010,"maidens","female",42
2010,"male","male",2148
2010,"males","male",468
2010,"man","male",31542
2010,"manly","male",104
2010,"masculine","male",145
2010,"masculinity","male",93
2010,"men","male",12345
2010,"miss","female",4467
2010,"missus","female",56
2010,"mister","male",526
2010,"mr","male",12737
2010,"mrs","female",3828
2010,"ms","female",2487
2010,"prince","male",1291
2010,"princes","male",61
2010,"princess","female",885
2010,"princesses","female",119
2010,"queen","female",1935
2010,"queens","female",311
2010,"she","female",209578
2010,"sir","male",4214
2010,"sirs","male",31
2010,"woman","female",13980
2010,"women","female",11395
